<?xml version="1.0" encoding="UTF-8"?>
<GenRun Id="synth_1" LaunchPart="xc7a35tcpg236-1" LaunchTime="1741243361">
  <File Type="PA-TCL" Name="calculator.tcl"/>
  <File Type="RDS-PROPCONSTRS" Name="calculator_drc_synth.rpt"/>
  <File Type="REPORTS-TCL" Name="calculator_reports.tcl"/>
  <File Type="RDS-RDS" Name="calculator.vds"/>
  <File Type="RDS-UTIL" Name="calculator_utilization_synth.rpt"/>
  <File Type="RDS-UTIL-PB" Name="calculator_utilization_synth.pb"/>
  <File Type="RDS-DCP" Name="calculator.dcp"/>
  <File Type="VDS-TIMINGSUMMARY" Name="calculator_timing_summary_synth.rpt"/>
  <File Type="VDS-TIMING-PB" Name="calculator_timing_summary_synth.pb"/>
  <FileSet Name="sources" Type="DesignSrcs" RelSrcDir="$PSRCDIR/sources_1" RelGenDir="$PGENDIR/sources_1">
    <Filter Type="Srcs"/>
    <File Path="$PSRCDIR/sources_1/imports/workspace/counter_10k/project_1.srcs/sources_1/new/counter_10k.v">
      <FileInfo>
        <Attr Name="ImportPath" Val="$PPRDIR/../counter_plus_FSM/counter_plus_FSM.srcs/sources_1/imports/workspace/counter_10k/project_1.srcs/sources_1/new/counter_10k.v"/>
        <Attr Name="ImportTime" Val="1741220330"/>
        <Attr Name="UsedIn" Val="synthesis"/>
        <Attr Name="UsedIn" Val="implementation"/>
        <Attr Name="UsedIn" Val="simulation"/>
      </FileInfo>
    </File>
    <File Path="$PSRCDIR/sources_1/imports/workspace/FSM_prac/FSM_prac.srcs/sources_1/new/five_SM.v">
      <FileInfo>
        <Attr Name="ImportPath" Val="$PPRDIR/../counter_plus_FSM/counter_plus_FSM.srcs/sources_1/imports/workspace/FSM_prac/FSM_prac.srcs/sources_1/new/five_SM.v"/>
        <Attr Name="ImportTime" Val="1741234869"/>
        <Attr Name="UsedIn" Val="synthesis"/>
        <Attr Name="UsedIn" Val="implementation"/>
        <Attr Name="UsedIn" Val="simulation"/>
      </FileInfo>
    </File>
    <File Path="$PSRCDIR/sources_1/imports/workspace/counter_10k/project_1.srcs/sources_1/new/fnd_ctrl.v">
      <FileInfo>
        <Attr Name="ImportPath" Val="$PPRDIR/../counter_plus_FSM/counter_plus_FSM.srcs/sources_1/imports/workspace/counter_10k/project_1.srcs/sources_1/new/fnd_ctrl.v"/>
        <Attr Name="ImportTime" Val="1741074030"/>
        <Attr Name="UsedIn" Val="synthesis"/>
        <Attr Name="UsedIn" Val="implementation"/>
        <Attr Name="UsedIn" Val="simulation"/>
      </FileInfo>
    </File>
    <File Path="$PSRCDIR/sources_1/imports/workspace/counter_10k/project_1.srcs/sources_1/new/calculator.v">
      <FileInfo>
        <Attr Name="ImportPath" Val="$PPRDIR/../counter_plus_FSM/counter_plus_FSM.srcs/sources_1/imports/workspace/counter_10k/project_1.srcs/sources_1/new/calculator.v"/>
        <Attr Name="ImportTime" Val="1741220346"/>
        <Attr Name="UsedIn" Val="synthesis"/>
        <Attr Name="UsedIn" Val="implementation"/>
        <Attr Name="UsedIn" Val="simulation"/>
      </FileInfo>
    </File>
    <Config>
      <Option Name="DesignMode" Val="RTL"/>
      <Option Name="TopModule" Val="calculator"/>
      <Option Name="TopAutoSet" Val="TRUE"/>
    </Config>
  </FileSet>
  <FileSet Name="constrs_in" Type="Constrs" RelSrcDir="$PSRCDIR/constrs_1">
    <Filter Type="Constrs"/>
    <File Path="$PSRCDIR/constrs_1/imports/workspace/Basys-3-Master.xdc">
      <FileInfo>
        <Attr Name="ImportPath" Val="$PPRDIR/../counter_plus_FSM/counter_plus_FSM.srcs/constrs_1/imports/workspace/Basys-3-Master.xdc"/>
        <Attr Name="ImportTime" Val="1741220120"/>
        <Attr Name="UsedIn" Val="synthesis"/>
        <Attr Name="UsedIn" Val="implementation"/>
      </FileInfo>
    </File>
    <Config>
      <Option Name="ConstrsType" Val="XDC"/>
    </Config>
  </FileSet>
  <FileSet Name="utils" Type="Utils" RelSrcDir="$PSRCDIR/utils_1">
    <Filter Type="Utils"/>
    <Config>
      <Option Name="TopAutoSet" Val="TRUE"/>
    </Config>
  </FileSet>
  <Strategy Version="1" Minor="2">
    <StratHandle Name="Vivado Synthesis Defaults" Flow="Vivado Synthesis 2020">
      <Desc>Vivado Synthesis Defaults</Desc>
    </StratHandle>
    <Step Id="synth_design"/>
  </Strategy>
</GenRun>
